,accuracy,f1_score_ovo
0,0.7333333333333333,0.753015873015873
