,accuracy,f1_score_ovr
0,0.7333333333333333,0.753015873015873
